run_label,timestamp,layer_idx,layer_name,time_s,batch_size,total_time_s,ips
BASE_234831,2026-03-30T23:48:31,0,Conv2D,3.4602937698,8,43.7479059696,0.1828658955
BASE_234831,2026-03-30T23:48:31,1,BatchNorm2D,0.0016856194,8,43.7479059696,0.1828658955
BASE_234831,2026-03-30T23:48:31,2,ReLU,0.0005695820,8,43.7479059696,0.1828658955
BASE_234831,2026-03-30T23:48:31,3,MaxPool2D,0.3306357861,8,43.7479059696,0.1828658955
BASE_234831,2026-03-30T23:48:31,4,Conv2D,18.5898368359,8,43.7479059696,0.1828658955
BASE_234831,2026-03-30T23:48:31,5,BatchNorm2D,0.0009191036,8,43.7479059696,0.1828658955
BASE_234831,2026-03-30T23:48:31,6,ReLU,0.0002925396,8,43.7479059696,0.1828658955
BASE_234831,2026-03-30T23:48:31,7,MaxPool2D,0.1729393005,8,43.7479059696,0.1828658955
BASE_234831,2026-03-30T23:48:31,8,Conv2D,18.5979754925,8,43.7479059696,0.1828658955
BASE_234831,2026-03-30T23:48:31,9,BatchNorm2D,0.0005619526,8,43.7479059696,0.1828658955
BASE_234831,2026-03-30T23:48:31,10,ReLU,0.0002150536,8,43.7479059696,0.1828658955
BASE_234831,2026-03-30T23:48:31,11,MaxPool2D,0.0883777142,8,43.7479059696,0.1828658955
BASE_234831,2026-03-30T23:48:31,12,Flatten,0.0000050068,8,43.7479059696,0.1828658955
BASE_234831,2026-03-30T23:48:31,13,Dense,2.3845143318,8,43.7479059696,0.1828658955
BASE_234831,2026-03-30T23:48:31,14,ReLU,0.0000271797,8,43.7479059696,0.1828658955
BASE_234831,2026-03-30T23:48:31,15,Dropout,0.0000584126,8,43.7479059696,0.1828658955
BASE_234831,2026-03-30T23:48:31,16,Dense,0.1185152531,8,43.7479059696,0.1828658955
BASE_234831,2026-03-30T23:48:31,17,Softmax,0.0001471043,8,43.7479059696,0.1828658955
I2C_234901,2026-03-30T23:49:01,0,Conv2D,0.0059170723,8,3.4749231339,2.3022091977
I2C_234901,2026-03-30T23:49:01,1,BatchNorm2D,0.0019745827,8,3.4749231339,2.3022091977
I2C_234901,2026-03-30T23:49:01,2,ReLU,0.0006172657,8,3.4749231339,2.3022091977
I2C_234901,2026-03-30T23:49:01,3,MaxPool2D,0.3606898785,8,3.4749231339,2.3022091977
I2C_234901,2026-03-30T23:49:01,4,Conv2D,0.0383841991,8,3.4749231339,2.3022091977
I2C_234901,2026-03-30T23:49:01,5,BatchNorm2D,0.0005886555,8,3.4749231339,2.3022091977
I2C_234901,2026-03-30T23:49:01,6,ReLU,0.0001754761,8,3.4749231339,2.3022091977
I2C_234901,2026-03-30T23:49:01,7,MaxPool2D,0.1881484985,8,3.4749231339,2.3022091977
I2C_234901,2026-03-30T23:49:01,8,Conv2D,0.0382637978,8,3.4749231339,2.3022091977
I2C_234901,2026-03-30T23:49:01,9,BatchNorm2D,0.0003273487,8,3.4749231339,2.3022091977
I2C_234901,2026-03-30T23:49:01,10,ReLU,0.0000910759,8,3.4749231339,2.3022091977
I2C_234901,2026-03-30T23:49:01,11,MaxPool2D,0.0976150036,8,3.4749231339,2.3022091977
I2C_234901,2026-03-30T23:49:01,12,Flatten,0.0000088215,8,3.4749231339,2.3022091977
I2C_234901,2026-03-30T23:49:01,13,Dense,2.6073129177,8,3.4749231339,2.3022091977
I2C_234901,2026-03-30T23:49:01,14,ReLU,0.0000295639,8,3.4749231339,2.3022091977
I2C_234901,2026-03-30T23:49:01,15,Dropout,0.0000562668,8,3.4749231339,2.3022091977
I2C_234901,2026-03-30T23:49:01,16,Dense,0.1341505051,8,3.4749231339,2.3022091977
I2C_234901,2026-03-30T23:49:01,17,Softmax,0.0001807213,8,3.4749231339,2.3022091977
I2C_161943,2026-03-31T16:19:43,0,Conv2D,0.0130038999,8,1.0470042229,7.6408478832
I2C_161943,2026-03-31T16:19:43,1,BatchNorm2D,0.0048523999,8,1.0470042229,7.6408478832
I2C_161943,2026-03-31T16:19:43,2,ReLU,0.0009844000,8,1.0470042229,7.6408478832
I2C_161943,2026-03-31T16:19:43,3,MaxPool2D,0.5475267998,8,1.0470042229,7.6408478832
I2C_161943,2026-03-31T16:19:43,4,Conv2D,0.0068912001,8,1.0470042229,7.6408478832
I2C_161943,2026-03-31T16:19:43,5,BatchNorm2D,0.0020011999,8,1.0470042229,7.6408478832
I2C_161943,2026-03-31T16:19:43,6,ReLU,0.0005650001,8,1.0470042229,7.6408478832
I2C_161943,2026-03-31T16:19:43,7,MaxPool2D,0.2995883999,8,1.0470042229,7.6408478832
I2C_161943,2026-03-31T16:19:43,8,Conv2D,0.0027431999,8,1.0470042229,7.6408478832
I2C_161943,2026-03-31T16:19:43,9,BatchNorm2D,0.0007674000,8,1.0470042229,7.6408478832
I2C_161943,2026-03-31T16:19:43,10,ReLU,0.0002436000,8,1.0470042229,7.6408478832
I2C_161943,2026-03-31T16:19:43,11,MaxPool2D,0.1606000999,8,1.0470042229,7.6408478832
I2C_161943,2026-03-31T16:19:43,12,Flatten,0.0000101000,8,1.0470042229,7.6408478832
I2C_161943,2026-03-31T16:19:43,13,Dense,0.0026644000,8,1.0470042229,7.6408478832
I2C_161943,2026-03-31T16:19:43,14,ReLU,0.0000380001,8,1.0470042229,7.6408478832
I2C_161943,2026-03-31T16:19:43,15,Dropout,0.0002941999,8,1.0470042229,7.6408478832
I2C_161943,2026-03-31T16:19:43,16,Dense,0.0016625000,8,1.0470042229,7.6408478832
I2C_161943,2026-03-31T16:19:43,17,Softmax,0.0003303001,8,1.0470042229,7.6408478832
I2C_174424,2026-03-31T17:44:24,0,Conv2D,0.0597502999,8,0.1064212322,75.1729690857
I2C_174424,2026-03-31T17:44:24,1,BatchNorm2D,0.0034496998,8,0.1064212322,75.1729690857
I2C_174424,2026-03-31T17:44:24,2,ReLU,0.0011143000,8,0.1064212322,75.1729690857
I2C_174424,2026-03-31T17:44:24,3,MaxPool2D,0.0152901001,8,0.1064212322,75.1729690857
I2C_174424,2026-03-31T17:44:24,4,Conv2D,0.0062686000,8,0.1064212322,75.1729690857
I2C_174424,2026-03-31T17:44:24,5,BatchNorm2D,0.0009770000,8,0.1064212322,75.1729690857
I2C_174424,2026-03-31T17:44:24,6,ReLU,0.0003473000,8,0.1064212322,75.1729690857
I2C_174424,2026-03-31T17:44:24,7,MaxPool2D,0.0070910999,8,0.1064212322,75.1729690857
I2C_174424,2026-03-31T17:44:24,8,Conv2D,0.0051498001,8,0.1064212322,75.1729690857
I2C_174424,2026-03-31T17:44:24,9,BatchNorm2D,0.0004913001,8,0.1064212322,75.1729690857
I2C_174424,2026-03-31T17:44:24,10,ReLU,0.0001024001,8,0.1064212322,75.1729690857
I2C_174424,2026-03-31T17:44:24,11,MaxPool2D,0.0019954001,8,0.1064212322,75.1729690857
I2C_174424,2026-03-31T17:44:24,12,Flatten,0.0000096001,8,0.1064212322,75.1729690857
I2C_174424,2026-03-31T17:44:24,13,Dense,0.0005510999,8,0.1064212322,75.1729690857
I2C_174424,2026-03-31T17:44:24,14,ReLU,0.0000326000,8,0.1064212322,75.1729690857
I2C_174424,2026-03-31T17:44:24,15,Dropout,0.0005477001,8,0.1064212322,75.1729690857
I2C_174424,2026-03-31T17:44:24,16,Dense,0.0003418000,8,0.1064212322,75.1729690857
I2C_174424,2026-03-31T17:44:24,17,Softmax,0.0003589999,8,0.1064212322,75.1729690857
BASE_174653,2026-03-31T17:46:53,0,Conv2D,6.6316312999,8,76.8886513710,0.1040465642
BASE_174653,2026-03-31T17:46:53,1,BatchNorm2D,0.0019420001,8,76.8886513710,0.1040465642
BASE_174653,2026-03-31T17:46:53,2,ReLU,0.0005126002,8,76.8886513710,0.1040465642
BASE_174653,2026-03-31T17:46:53,3,MaxPool2D,0.0072027000,8,76.8886513710,0.1040465642
BASE_174653,2026-03-31T17:46:53,4,Conv2D,35.1320815000,8,76.8886513710,0.1040465642
BASE_174653,2026-03-31T17:46:53,5,BatchNorm2D,0.0006283000,8,76.8886513710,0.1040465642
BASE_174653,2026-03-31T17:46:53,6,ReLU,0.0002828001,8,76.8886513710,0.1040465642
BASE_174653,2026-03-31T17:46:53,7,MaxPool2D,0.0034283001,8,76.8886513710,0.1040465642
BASE_174653,2026-03-31T17:46:53,8,Conv2D,35.0971925999,8,76.8886513710,0.1040465642
BASE_174653,2026-03-31T17:46:53,9,BatchNorm2D,0.0003750999,8,76.8886513710,0.1040465642
BASE_174653,2026-03-31T17:46:53,10,ReLU,0.0000632000,8,76.8886513710,0.1040465642
BASE_174653,2026-03-31T17:46:53,11,MaxPool2D,0.0016001000,8,76.8886513710,0.1040465642
BASE_174653,2026-03-31T17:46:53,12,Flatten,0.0000074001,8,76.8886513710,0.1040465642
BASE_174653,2026-03-31T17:46:53,13,Dense,0.0079090998,8,76.8886513710,0.1040465642
BASE_174653,2026-03-31T17:46:53,14,ReLU,0.0000464001,8,76.8886513710,0.1040465642
BASE_174653,2026-03-31T17:46:53,15,Dropout,0.0001372001,8,76.8886513710,0.1040465642
BASE_174653,2026-03-31T17:46:53,16,Dense,0.0002117001,8,76.8886513710,0.1040465642
BASE_174653,2026-03-31T17:46:53,17,Softmax,0.0003258002,8,76.8886513710,0.1040465642
I2C_174702,2026-03-31T17:47:02,0,Conv2D,0.0130765000,8,0.0610008240,131.1457694953
I2C_174702,2026-03-31T17:47:02,1,BatchNorm2D,0.0053751001,8,0.0610008240,131.1457694953
I2C_174702,2026-03-31T17:47:02,2,ReLU,0.0013166999,8,0.0610008240,131.1457694953
I2C_174702,2026-03-31T17:47:02,3,MaxPool2D,0.0127500000,8,0.0610008240,131.1457694953
I2C_174702,2026-03-31T17:47:02,4,Conv2D,0.0087988002,8,0.0610008240,131.1457694953
I2C_174702,2026-03-31T17:47:02,5,BatchNorm2D,0.0010442999,8,0.0610008240,131.1457694953
I2C_174702,2026-03-31T17:47:02,6,ReLU,0.0003710000,8,0.0610008240,131.1457694953
I2C_174702,2026-03-31T17:47:02,7,MaxPool2D,0.0056816000,8,0.0610008240,131.1457694953
I2C_174702,2026-03-31T17:47:02,8,Conv2D,0.0053647000,8,0.0610008240,131.1457694953
I2C_174702,2026-03-31T17:47:02,9,BatchNorm2D,0.0006404999,8,0.0610008240,131.1457694953
I2C_174702,2026-03-31T17:47:02,10,ReLU,0.0001185001,8,0.0610008240,131.1457694953
I2C_174702,2026-03-31T17:47:02,11,MaxPool2D,0.0025883000,8,0.0610008240,131.1457694953
I2C_174702,2026-03-31T17:47:02,12,Flatten,0.0000270000,8,0.0610008240,131.1457694953
I2C_174702,2026-03-31T17:47:02,13,Dense,0.0006283000,8,0.0610008240,131.1457694953
I2C_174702,2026-03-31T17:47:02,14,ReLU,0.0000399000,8,0.0610008240,131.1457694953
I2C_174702,2026-03-31T17:47:02,15,Dropout,0.0001527001,8,0.0610008240,131.1457694953
I2C_174702,2026-03-31T17:47:02,16,Dense,0.0002055999,8,0.0610008240,131.1457694953
I2C_174702,2026-03-31T17:47:02,17,Softmax,0.0004111000,8,0.0610008240,131.1457694953
I2C_174708,2026-03-31T17:47:08,0,Conv2D,0.0135548001,8,0.0619978905,129.0366484898
I2C_174708,2026-03-31T17:47:08,1,BatchNorm2D,0.0044837999,8,0.0619978905,129.0366484898
I2C_174708,2026-03-31T17:47:08,2,ReLU,0.0011566000,8,0.0619978905,129.0366484898
I2C_174708,2026-03-31T17:47:08,3,MaxPool2D,0.0145260999,8,0.0619978905,129.0366484898
I2C_174708,2026-03-31T17:47:08,4,Conv2D,0.0066435998,8,0.0619978905,129.0366484898
I2C_174708,2026-03-31T17:47:08,5,BatchNorm2D,0.0012600000,8,0.0619978905,129.0366484898
I2C_174708,2026-03-31T17:47:08,6,ReLU,0.0004234000,8,0.0619978905,129.0366484898
I2C_174708,2026-03-31T17:47:08,7,MaxPool2D,0.0080970998,8,0.0619978905,129.0366484898
I2C_174708,2026-03-31T17:47:08,8,Conv2D,0.0048425999,8,0.0619978905,129.0366484898
I2C_174708,2026-03-31T17:47:08,9,BatchNorm2D,0.0005856999,8,0.0619978905,129.0366484898
I2C_174708,2026-03-31T17:47:08,10,ReLU,0.0001188999,8,0.0619978905,129.0366484898
I2C_174708,2026-03-31T17:47:08,11,MaxPool2D,0.0023957000,8,0.0619978905,129.0366484898
I2C_174708,2026-03-31T17:47:08,12,Flatten,0.0000138001,8,0.0619978905,129.0366484898
I2C_174708,2026-03-31T17:47:08,13,Dense,0.0006649001,8,0.0619978905,129.0366484898
I2C_174708,2026-03-31T17:47:08,14,ReLU,0.0001411999,8,0.0619978905,129.0366484898
I2C_174708,2026-03-31T17:47:08,15,Dropout,0.0001623998,8,0.0619978905,129.0366484898
I2C_174708,2026-03-31T17:47:08,16,Dense,0.0003637001,8,0.0619978905,129.0366484898
I2C_174708,2026-03-31T17:47:08,17,Softmax,0.0005013999,8,0.0619978905,129.0366484898
I2C_182900,2026-03-31T18:29:00,0,Conv2D,0.0698606998,8,0.1190714836,67.1865316306
I2C_182900,2026-03-31T18:29:00,1,BatchNorm2D,0.0050685001,8,0.1190714836,67.1865316306
I2C_182900,2026-03-31T18:29:00,2,ReLU,0.0011397002,8,0.1190714836,67.1865316306
I2C_182900,2026-03-31T18:29:00,3,MaxPool2D,0.0106829999,8,0.1190714836,67.1865316306
I2C_182900,2026-03-31T18:29:00,4,Conv2D,0.0096770001,8,0.1190714836,67.1865316306
I2C_182900,2026-03-31T18:29:00,5,BatchNorm2D,0.0009162000,8,0.1190714836,67.1865316306
I2C_182900,2026-03-31T18:29:00,6,ReLU,0.0003676000,8,0.1190714836,67.1865316306
I2C_182900,2026-03-31T18:29:00,7,MaxPool2D,0.0056630999,8,0.1190714836,67.1865316306
I2C_182900,2026-03-31T18:29:00,8,Conv2D,0.0055656999,8,0.1190714836,67.1865316306
I2C_182900,2026-03-31T18:29:00,9,BatchNorm2D,0.0007201000,8,0.1190714836,67.1865316306
I2C_182900,2026-03-31T18:29:00,10,ReLU,0.0001337000,8,0.1190714836,67.1865316306
I2C_182900,2026-03-31T18:29:00,11,MaxPool2D,0.0038063000,8,0.1190714836,67.1865316306
I2C_182900,2026-03-31T18:29:00,12,Flatten,0.0000113999,8,0.1190714836,67.1865316306
I2C_182900,2026-03-31T18:29:00,13,Dense,0.0007066999,8,0.1190714836,67.1865316306
I2C_182900,2026-03-31T18:29:00,14,ReLU,0.0000292000,8,0.1190714836,67.1865316306
I2C_182900,2026-03-31T18:29:00,15,Dropout,0.0005278001,8,0.1190714836,67.1865316306
I2C_182900,2026-03-31T18:29:00,16,Dense,0.0015865001,8,0.1190714836,67.1865316306
I2C_182900,2026-03-31T18:29:00,17,Softmax,0.0004106001,8,0.1190714836,67.1865316306
I2C_183004,2026-03-31T18:30:04,0,Conv2D,0.1295384001,8,0.1883101463,42.4831064913
I2C_183004,2026-03-31T18:30:04,1,BatchNorm2D,0.0051183000,8,0.1883101463,42.4831064913
I2C_183004,2026-03-31T18:30:04,2,ReLU,0.0010944000,8,0.1883101463,42.4831064913
I2C_183004,2026-03-31T18:30:04,3,MaxPool2D,0.0112182999,8,0.1883101463,42.4831064913
I2C_183004,2026-03-31T18:30:04,4,Conv2D,0.0090033000,8,0.1883101463,42.4831064913
I2C_183004,2026-03-31T18:30:04,5,BatchNorm2D,0.0012028001,8,0.1883101463,42.4831064913
I2C_183004,2026-03-31T18:30:04,6,ReLU,0.0003447998,8,0.1883101463,42.4831064913
I2C_183004,2026-03-31T18:30:04,7,MaxPool2D,0.0079909000,8,0.1883101463,42.4831064913
I2C_183004,2026-03-31T18:30:04,8,Conv2D,0.0053219001,8,0.1883101463,42.4831064913
I2C_183004,2026-03-31T18:30:04,9,BatchNorm2D,0.0008032001,8,0.1883101463,42.4831064913
I2C_183004,2026-03-31T18:30:04,10,ReLU,0.0001617000,8,0.1883101463,42.4831064913
I2C_183004,2026-03-31T18:30:04,11,MaxPool2D,0.0035177001,8,0.1883101463,42.4831064913
I2C_183004,2026-03-31T18:30:04,12,Flatten,0.0000125000,8,0.1883101463,42.4831064913
I2C_183004,2026-03-31T18:30:04,13,Dense,0.0029745998,8,0.1883101463,42.4831064913
I2C_183004,2026-03-31T18:30:04,14,ReLU,0.0000425999,8,0.1883101463,42.4831064913
I2C_183004,2026-03-31T18:30:04,15,Dropout,0.0025905001,8,0.1883101463,42.4831064913
I2C_183004,2026-03-31T18:30:04,16,Dense,0.0038183001,8,0.1883101463,42.4831064913
I2C_183004,2026-03-31T18:30:04,17,Softmax,0.0003668000,8,0.1883101463,42.4831064913
I2C_183123,2026-03-31T18:31:23,0,Conv2D,0.0288376999,8,0.0744752884,107.4181808869
I2C_183123,2026-03-31T18:31:23,1,BatchNorm2D,0.0027987999,8,0.0744752884,107.4181808869
I2C_183123,2026-03-31T18:31:23,2,ReLU,0.0008310000,8,0.0744752884,107.4181808869
I2C_183123,2026-03-31T18:31:23,3,MaxPool2D,0.0136623001,8,0.0744752884,107.4181808869
I2C_183123,2026-03-31T18:31:23,4,Conv2D,0.0071889001,8,0.0744752884,107.4181808869
I2C_183123,2026-03-31T18:31:23,5,BatchNorm2D,0.0004889001,8,0.0744752884,107.4181808869
I2C_183123,2026-03-31T18:31:23,6,ReLU,0.0002615000,8,0.0744752884,107.4181808869
I2C_183123,2026-03-31T18:31:23,7,MaxPool2D,0.0076690000,8,0.0744752884,107.4181808869
I2C_183123,2026-03-31T18:31:23,8,Conv2D,0.0049555001,8,0.0744752884,107.4181808869
I2C_183123,2026-03-31T18:31:23,9,BatchNorm2D,0.0002530999,8,0.0744752884,107.4181808869
I2C_183123,2026-03-31T18:31:23,10,ReLU,0.0001256999,8,0.0744752884,107.4181808869
I2C_183123,2026-03-31T18:31:23,11,MaxPool2D,0.0038165001,8,0.0744752884,107.4181808869
I2C_183123,2026-03-31T18:31:23,12,Flatten,0.0000143999,8,0.0744752884,107.4181808869
I2C_183123,2026-03-31T18:31:23,13,Dense,0.0006790000,8,0.0744752884,107.4181808869
I2C_183123,2026-03-31T18:31:23,14,ReLU,0.0000433000,8,0.0744752884,107.4181808869
I2C_183123,2026-03-31T18:31:23,15,Dropout,0.0000032999,8,0.0744752884,107.4181808869
I2C_183123,2026-03-31T18:31:23,16,Dense,0.0002738000,8,0.0744752884,107.4181808869
I2C_183123,2026-03-31T18:31:23,17,Softmax,0.0003436999,8,0.0744752884,107.4181808869
I2C_183307,2026-03-31T18:33:07,0,Conv2D,0.0294118000,8,0.0789978504,101.2685782925
I2C_183307,2026-03-31T18:33:07,1,BatchNorm2D,0.0017418999,8,0.0789978504,101.2685782925
I2C_183307,2026-03-31T18:33:07,2,ReLU,0.0007546002,8,0.0789978504,101.2685782925
I2C_183307,2026-03-31T18:33:07,3,MaxPool2D,0.0149212000,8,0.0789978504,101.2685782925
I2C_183307,2026-03-31T18:33:07,4,Conv2D,0.0104762001,8,0.0789978504,101.2685782925
I2C_183307,2026-03-31T18:33:07,5,BatchNorm2D,0.0011531000,8,0.0789978504,101.2685782925
I2C_183307,2026-03-31T18:33:07,6,ReLU,0.0002098000,8,0.0789978504,101.2685782925
I2C_183307,2026-03-31T18:33:07,7,MaxPool2D,0.0074984001,8,0.0789978504,101.2685782925
I2C_183307,2026-03-31T18:33:07,8,Conv2D,0.0047466001,8,0.0789978504,101.2685782925
I2C_183307,2026-03-31T18:33:07,9,BatchNorm2D,0.0002309000,8,0.0789978504,101.2685782925
I2C_183307,2026-03-31T18:33:07,10,ReLU,0.0001415000,8,0.0789978504,101.2685782925
I2C_183307,2026-03-31T18:33:07,11,MaxPool2D,0.0035840000,8,0.0789978504,101.2685782925
I2C_183307,2026-03-31T18:33:07,12,Flatten,0.0000139999,8,0.0789978504,101.2685782925
I2C_183307,2026-03-31T18:33:07,13,Dense,0.0006357001,8,0.0789978504,101.2685782925
I2C_183307,2026-03-31T18:33:07,14,ReLU,0.0000378999,8,0.0789978504,101.2685782925
I2C_183307,2026-03-31T18:33:07,15,Dropout,0.0000065002,8,0.0789978504,101.2685782925
I2C_183307,2026-03-31T18:33:07,16,Dense,0.0002689001,8,0.0789978504,101.2685782925
I2C_183307,2026-03-31T18:33:07,17,Softmax,0.0004087999,8,0.0789978504,101.2685782925
I2C_183425,2026-03-31T18:34:25,0,Conv2D,0.0620854001,8,0.1050043106,76.1873484401
I2C_183425,2026-03-31T18:34:25,1,BatchNorm2D,0.0041580000,8,0.1050043106,76.1873484401
I2C_183425,2026-03-31T18:34:25,2,ReLU,0.0010179000,8,0.1050043106,76.1873484401
I2C_183425,2026-03-31T18:34:25,3,MaxPool2D,0.0083871000,8,0.1050043106,76.1873484401
I2C_183425,2026-03-31T18:34:25,4,Conv2D,0.0088740999,8,0.1050043106,76.1873484401
I2C_183425,2026-03-31T18:34:25,5,BatchNorm2D,0.0012069000,8,0.1050043106,76.1873484401
I2C_183425,2026-03-31T18:34:25,6,ReLU,0.0003996000,8,0.1050043106,76.1873484401
I2C_183425,2026-03-31T18:34:25,7,MaxPool2D,0.0063080001,8,0.1050043106,76.1873484401
I2C_183425,2026-03-31T18:34:25,8,Conv2D,0.0048942000,8,0.1050043106,76.1873484401
I2C_183425,2026-03-31T18:34:25,9,BatchNorm2D,0.0005806000,8,0.1050043106,76.1873484401
I2C_183425,2026-03-31T18:34:25,10,ReLU,0.0001409999,8,0.1050043106,76.1873484401
I2C_183425,2026-03-31T18:34:25,11,MaxPool2D,0.0033863999,8,0.1050043106,76.1873484401
I2C_183425,2026-03-31T18:34:25,12,Flatten,0.0000123000,8,0.1050043106,76.1873484401
I2C_183425,2026-03-31T18:34:25,13,Dense,0.0006516001,8,0.1050043106,76.1873484401
I2C_183425,2026-03-31T18:34:25,14,ReLU,0.0000388999,8,0.1050043106,76.1873484401
I2C_183425,2026-03-31T18:34:25,15,Dropout,0.0001690001,8,0.1050043106,76.1873484401
I2C_183425,2026-03-31T18:34:25,16,Dense,0.0002288001,8,0.1050043106,76.1873484401
I2C_183425,2026-03-31T18:34:25,17,Softmax,0.0003701998,8,0.1050043106,76.1873484401
I2C_183438,2026-03-31T18:34:38,0,Conv2D,0.0675041000,8,0.1129674911,70.8168333966
I2C_183438,2026-03-31T18:34:38,1,BatchNorm2D,0.0029358999,8,0.1129674911,70.8168333966
I2C_183438,2026-03-31T18:34:38,2,ReLU,0.0012785001,8,0.1129674911,70.8168333966
I2C_183438,2026-03-31T18:34:38,3,MaxPool2D,0.0123746998,8,0.1129674911,70.8168333966
I2C_183438,2026-03-31T18:34:38,4,Conv2D,0.0091092000,8,0.1129674911,70.8168333966
I2C_183438,2026-03-31T18:34:38,5,BatchNorm2D,0.0012786000,8,0.1129674911,70.8168333966
I2C_183438,2026-03-31T18:34:38,6,ReLU,0.0002259999,8,0.1129674911,70.8168333966
I2C_183438,2026-03-31T18:34:38,7,MaxPool2D,0.0075945002,8,0.1129674911,70.8168333966
I2C_183438,2026-03-31T18:34:38,8,Conv2D,0.0042641000,8,0.1129674911,70.8168333966
I2C_183438,2026-03-31T18:34:38,9,BatchNorm2D,0.0001947000,8,0.1129674911,70.8168333966
I2C_183438,2026-03-31T18:34:38,10,ReLU,0.0001069000,8,0.1129674911,70.8168333966
I2C_183438,2026-03-31T18:34:38,11,MaxPool2D,0.0019287001,8,0.1129674911,70.8168333966
I2C_183438,2026-03-31T18:34:38,12,Flatten,0.0000101998,8,0.1129674911,70.8168333966
I2C_183438,2026-03-31T18:34:38,13,Dense,0.0006406999,8,0.1129674911,70.8168333966
I2C_183438,2026-03-31T18:34:38,14,ReLU,0.0000276000,8,0.1129674911,70.8168333966
I2C_183438,2026-03-31T18:34:38,15,Dropout,0.0000034999,8,0.1129674911,70.8168333966
I2C_183438,2026-03-31T18:34:38,16,Dense,0.0002025999,8,0.1129674911,70.8168333966
I2C_183438,2026-03-31T18:34:38,17,Softmax,0.0002523998,8,0.1129674911,70.8168333966
I2C_183524,2026-03-31T18:35:24,0,Conv2D,0.0148248998,8,0.0599648952,133.4113895615
I2C_183524,2026-03-31T18:35:24,1,BatchNorm2D,0.0029385001,8,0.0599648952,133.4113895615
I2C_183524,2026-03-31T18:35:24,2,ReLU,0.0013174999,8,0.0599648952,133.4113895615
I2C_183524,2026-03-31T18:35:24,3,MaxPool2D,0.0097982001,8,0.0599648952,133.4113895615
I2C_183524,2026-03-31T18:35:24,4,Conv2D,0.0098311999,8,0.0599648952,133.4113895615
I2C_183524,2026-03-31T18:35:24,5,BatchNorm2D,0.0006939000,8,0.0599648952,133.4113895615
I2C_183524,2026-03-31T18:35:24,6,ReLU,0.0002547998,8,0.0599648952,133.4113895615
I2C_183524,2026-03-31T18:35:24,7,MaxPool2D,0.0079892999,8,0.0599648952,133.4113895615
I2C_183524,2026-03-31T18:35:24,8,Conv2D,0.0053762000,8,0.0599648952,133.4113895615
I2C_183524,2026-03-31T18:35:24,9,BatchNorm2D,0.0003132999,8,0.0599648952,133.4113895615
I2C_183524,2026-03-31T18:35:24,10,ReLU,0.0001427999,8,0.0599648952,133.4113895615
I2C_183524,2026-03-31T18:35:24,11,MaxPool2D,0.0024476000,8,0.0599648952,133.4113895615
I2C_183524,2026-03-31T18:35:24,12,Flatten,0.0000135000,8,0.0599648952,133.4113895615
I2C_183524,2026-03-31T18:35:24,13,Dense,0.0007459000,8,0.0599648952,133.4113895615
I2C_183524,2026-03-31T18:35:24,14,ReLU,0.0000479999,8,0.0599648952,133.4113895615
I2C_183524,2026-03-31T18:35:24,15,Dropout,0.0000042999,8,0.0599648952,133.4113895615
I2C_183524,2026-03-31T18:35:24,16,Dense,0.0003149000,8,0.0599648952,133.4113895615
I2C_183524,2026-03-31T18:35:24,17,Softmax,0.0005049000,8,0.0599648952,133.4113895615
I2C_183942,2026-03-31T18:39:42,0,Conv2D,0.0284607001,8,0.0749881268,106.6835557336
I2C_183942,2026-03-31T18:39:42,1,BatchNorm2D,0.0026613001,8,0.0749881268,106.6835557336
I2C_183942,2026-03-31T18:39:42,2,ReLU,0.0013291000,8,0.0749881268,106.6835557336
I2C_183942,2026-03-31T18:39:42,3,MaxPool2D,0.0131027999,8,0.0749881268,106.6835557336
I2C_183942,2026-03-31T18:39:42,4,Conv2D,0.0066120999,8,0.0749881268,106.6835557336
I2C_183942,2026-03-31T18:39:42,5,BatchNorm2D,0.0004843001,8,0.0749881268,106.6835557336
I2C_183942,2026-03-31T18:39:42,6,ReLU,0.0002245000,8,0.0749881268,106.6835557336
I2C_183942,2026-03-31T18:39:42,7,MaxPool2D,0.0075925998,8,0.0749881268,106.6835557336
I2C_183942,2026-03-31T18:39:42,8,Conv2D,0.0067799999,8,0.0749881268,106.6835557336
I2C_183942,2026-03-31T18:39:42,9,BatchNorm2D,0.0002976002,8,0.0749881268,106.6835557336
I2C_183942,2026-03-31T18:39:42,10,ReLU,0.0001280999,8,0.0749881268,106.6835557336
I2C_183942,2026-03-31T18:39:42,11,MaxPool2D,0.0037870002,8,0.0749881268,106.6835557336
I2C_183942,2026-03-31T18:39:42,12,Flatten,0.0000127999,8,0.0749881268,106.6835557336
I2C_183942,2026-03-31T18:39:42,13,Dense,0.0006887000,8,0.0749881268,106.6835557336
I2C_183942,2026-03-31T18:39:42,14,ReLU,0.0000434001,8,0.0749881268,106.6835557336
I2C_183942,2026-03-31T18:39:42,15,Dropout,0.0000044999,8,0.0749881268,106.6835557336
I2C_183942,2026-03-31T18:39:42,16,Dense,0.0002643999,8,0.0749881268,106.6835557336
I2C_183942,2026-03-31T18:39:42,17,Softmax,0.0003654000,8,0.0749881268,106.6835557336
I2C_183951,2026-03-31T18:39:51,0,Conv2D,0.0324458000,8,0.0760011673,105.2615411642
I2C_183951,2026-03-31T18:39:51,1,BatchNorm2D,0.0027021999,8,0.0760011673,105.2615411642
I2C_183951,2026-03-31T18:39:51,2,ReLU,0.0013559998,8,0.0760011673,105.2615411642
I2C_183951,2026-03-31T18:39:51,3,MaxPool2D,0.0099641001,8,0.0760011673,105.2615411642
I2C_183951,2026-03-31T18:39:51,4,Conv2D,0.0087024001,8,0.0760011673,105.2615411642
I2C_183951,2026-03-31T18:39:51,5,BatchNorm2D,0.0004729000,8,0.0760011673,105.2615411642
I2C_183951,2026-03-31T18:39:51,6,ReLU,0.0002402999,8,0.0760011673,105.2615411642
I2C_183951,2026-03-31T18:39:51,7,MaxPool2D,0.0076133001,8,0.0760011673,105.2615411642
I2C_183951,2026-03-31T18:39:51,8,Conv2D,0.0059883001,8,0.0760011673,105.2615411642
I2C_183951,2026-03-31T18:39:51,9,BatchNorm2D,0.0002534001,8,0.0760011673,105.2615411642
I2C_183951,2026-03-31T18:39:51,10,ReLU,0.0000853001,8,0.0760011673,105.2615411642
I2C_183951,2026-03-31T18:39:51,11,MaxPool2D,0.0032825000,8,0.0760011673,105.2615411642
I2C_183951,2026-03-31T18:39:51,12,Flatten,0.0000102001,8,0.0760011673,105.2615411642
I2C_183951,2026-03-31T18:39:51,13,Dense,0.0005622001,8,0.0760011673,105.2615411642
I2C_183951,2026-03-31T18:39:51,14,ReLU,0.0000304000,8,0.0760011673,105.2615411642
I2C_183951,2026-03-31T18:39:51,15,Dropout,0.0000038999,8,0.0760011673,105.2615411642
I2C_183951,2026-03-31T18:39:51,16,Dense,0.0002514999,8,0.0760011673,105.2615411642
I2C_183951,2026-03-31T18:39:51,17,Softmax,0.0003567000,8,0.0760011673,105.2615411642
I2C_185612,2026-03-31T18:56:12,0,Conv2D,0.0290236000,8,0.0638692379,125.2559176071
I2C_185612,2026-03-31T18:56:12,1,BatchNorm2D,0.0027235001,8,0.0638692379,125.2559176071
I2C_185612,2026-03-31T18:56:12,2,ReLU,0.0011297001,8,0.0638692379,125.2559176071
I2C_185612,2026-03-31T18:56:12,3,MaxPool2D,0.0081004000,8,0.0638692379,125.2559176071
I2C_185612,2026-03-31T18:56:12,4,Conv2D,0.0057721001,8,0.0638692379,125.2559176071
I2C_185612,2026-03-31T18:56:12,5,BatchNorm2D,0.0004687000,8,0.0638692379,125.2559176071
I2C_185612,2026-03-31T18:56:12,6,ReLU,0.0002176999,8,0.0638692379,125.2559176071
I2C_185612,2026-03-31T18:56:12,7,MaxPool2D,0.0044483000,8,0.0638692379,125.2559176071
I2C_185612,2026-03-31T18:56:12,8,Conv2D,0.0046635000,8,0.0638692379,125.2559176071
I2C_185612,2026-03-31T18:56:12,9,BatchNorm2D,0.0002499998,8,0.0638692379,125.2559176071
I2C_185612,2026-03-31T18:56:12,10,ReLU,0.0001188000,8,0.0638692379,125.2559176071
I2C_185612,2026-03-31T18:56:12,11,MaxPool2D,0.0033696000,8,0.0638692379,125.2559176071
I2C_185612,2026-03-31T18:56:12,12,Flatten,0.0000111000,8,0.0638692379,125.2559176071
I2C_185612,2026-03-31T18:56:12,13,Dense,0.0006967001,8,0.0638692379,125.2559176071
I2C_185612,2026-03-31T18:56:12,14,ReLU,0.0000376999,8,0.0638692379,125.2559176071
I2C_185612,2026-03-31T18:56:12,15,Dropout,0.0000036000,8,0.0638692379,125.2559176071
I2C_185612,2026-03-31T18:56:12,16,Dense,0.0001429000,8,0.0638692379,125.2559176071
I2C_185612,2026-03-31T18:56:12,17,Softmax,0.0003380999,8,0.0638692379,125.2559176071
I2C_190912,2026-03-31T19:09:12,0,Conv2D,0.0130979000,8,0.0515224934,155.2719885609
I2C_190912,2026-03-31T19:09:12,1,BatchNorm2D,0.0024624001,8,0.0515224934,155.2719885609
I2C_190912,2026-03-31T19:09:12,2,ReLU,0.0009097001,8,0.0515224934,155.2719885609
I2C_190912,2026-03-31T19:09:12,3,MaxPool2D,0.0125567000,8,0.0515224934,155.2719885609
I2C_190912,2026-03-31T19:09:12,4,Conv2D,0.0035619999,8,0.0515224934,155.2719885609
I2C_190912,2026-03-31T19:09:12,5,BatchNorm2D,0.0005076001,8,0.0515224934,155.2719885609
I2C_190912,2026-03-31T19:09:12,6,ReLU,0.0002054998,8,0.0515224934,155.2719885609
I2C_190912,2026-03-31T19:09:12,7,MaxPool2D,0.0076639999,8,0.0515224934,155.2719885609
I2C_190912,2026-03-31T19:09:12,8,Conv2D,0.0026389998,8,0.0515224934,155.2719885609
I2C_190912,2026-03-31T19:09:12,9,BatchNorm2D,0.0002629000,8,0.0515224934,155.2719885609
I2C_190912,2026-03-31T19:09:12,10,ReLU,0.0001770998,8,0.0515224934,155.2719885609
I2C_190912,2026-03-31T19:09:12,11,MaxPool2D,0.0039862001,8,0.0515224934,155.2719885609
I2C_190912,2026-03-31T19:09:12,12,Flatten,0.0000130001,8,0.0515224934,155.2719885609
I2C_190912,2026-03-31T19:09:12,13,Dense,0.0009403001,8,0.0515224934,155.2719885609
I2C_190912,2026-03-31T19:09:12,14,ReLU,0.0000389998,8,0.0515224934,155.2719885609
I2C_190912,2026-03-31T19:09:12,15,Dropout,0.0000028999,8,0.0515224934,155.2719885609
I2C_190912,2026-03-31T19:09:12,16,Dense,0.0001501001,8,0.0515224934,155.2719885609
I2C_190912,2026-03-31T19:09:12,17,Softmax,0.0003244001,8,0.0515224934,155.2719885609
I2C_190932,2026-03-31T19:09:32,0,Conv2D,0.0391879999,8,0.0730013847,109.5869623436
I2C_190932,2026-03-31T19:09:32,1,BatchNorm2D,0.0025722999,8,0.0730013847,109.5869623436
I2C_190932,2026-03-31T19:09:32,2,ReLU,0.0007664999,8,0.0730013847,109.5869623436
I2C_190932,2026-03-31T19:09:32,3,MaxPool2D,0.0094386002,8,0.0730013847,109.5869623436
I2C_190932,2026-03-31T19:09:32,4,Conv2D,0.0057542000,8,0.0730013847,109.5869623436
I2C_190932,2026-03-31T19:09:32,5,BatchNorm2D,0.0004600999,8,0.0730013847,109.5869623436
I2C_190932,2026-03-31T19:09:32,6,ReLU,0.0001741999,8,0.0730013847,109.5869623436
I2C_190932,2026-03-31T19:09:32,7,MaxPool2D,0.0040446001,8,0.0730013847,109.5869623436
I2C_190932,2026-03-31T19:09:32,8,Conv2D,0.0043095001,8,0.0730013847,109.5869623436
I2C_190932,2026-03-31T19:09:32,9,BatchNorm2D,0.0002474999,8,0.0730013847,109.5869623436
I2C_190932,2026-03-31T19:09:32,10,ReLU,0.0001526000,8,0.0730013847,109.5869623436
I2C_190932,2026-03-31T19:09:32,11,MaxPool2D,0.0021664000,8,0.0730013847,109.5869623436
I2C_190932,2026-03-31T19:09:32,12,Flatten,0.0000139000,8,0.0730013847,109.5869623436
I2C_190932,2026-03-31T19:09:32,13,Dense,0.0007575999,8,0.0730013847,109.5869623436
I2C_190932,2026-03-31T19:09:32,14,ReLU,0.0000485000,8,0.0730013847,109.5869623436
I2C_190932,2026-03-31T19:09:32,15,Dropout,0.0000042000,8,0.0730013847,109.5869623436
I2C_190932,2026-03-31T19:09:32,16,Dense,0.0001506000,8,0.0730013847,109.5869623436
I2C_190932,2026-03-31T19:09:32,17,Softmax,0.0003712000,8,0.0730013847,109.5869623436
I2C_190939,2026-03-31T19:09:39,0,Conv2D,0.0309172000,8,0.0710000992,112.6758989375
I2C_190939,2026-03-31T19:09:39,1,BatchNorm2D,0.0027139999,8,0.0710000992,112.6758989375
I2C_190939,2026-03-31T19:09:39,2,ReLU,0.0009144000,8,0.0710000992,112.6758989375
I2C_190939,2026-03-31T19:09:39,3,MaxPool2D,0.0108064001,8,0.0710000992,112.6758989375
I2C_190939,2026-03-31T19:09:39,4,Conv2D,0.0053518000,8,0.0710000992,112.6758989375
I2C_190939,2026-03-31T19:09:39,5,BatchNorm2D,0.0004298000,8,0.0710000992,112.6758989375
I2C_190939,2026-03-31T19:09:39,6,ReLU,0.0002106999,8,0.0710000992,112.6758989375
I2C_190939,2026-03-31T19:09:39,7,MaxPool2D,0.0069865999,8,0.0710000992,112.6758989375
I2C_190939,2026-03-31T19:09:39,8,Conv2D,0.0049087000,8,0.0710000992,112.6758989375
I2C_190939,2026-03-31T19:09:39,9,BatchNorm2D,0.0003557999,8,0.0710000992,112.6758989375
I2C_190939,2026-03-31T19:09:39,10,ReLU,0.0001689000,8,0.0710000992,112.6758989375
I2C_190939,2026-03-31T19:09:39,11,MaxPool2D,0.0040324000,8,0.0710000992,112.6758989375
I2C_190939,2026-03-31T19:09:39,12,Flatten,0.0000131999,8,0.0710000992,112.6758989375
I2C_190939,2026-03-31T19:09:39,13,Dense,0.0009664001,8,0.0710000992,112.6758989375
I2C_190939,2026-03-31T19:09:39,14,ReLU,0.0000397000,8,0.0710000992,112.6758989375
I2C_190939,2026-03-31T19:09:39,15,Dropout,0.0000048000,8,0.0710000992,112.6758989375
I2C_190939,2026-03-31T19:09:39,16,Dense,0.0001558000,8,0.0710000992,112.6758989375
I2C_190939,2026-03-31T19:09:39,17,Softmax,0.0003886002,8,0.0710000992,112.6758989375
I2C_232543,2026-04-01T23:25:43,0,Conv2D,0.0052109400,8,0.0697522163,114.6916961191
I2C_232543,2026-04-01T23:25:43,1,BatchNorm2D,0.0009500150,8,0.0697522163,114.6916961191
I2C_232543,2026-04-01T23:25:43,2,ReLU,0.0003450270,8,0.0697522163,114.6916961191
I2C_232543,2026-04-01T23:25:43,3,MaxPool2D,0.0108362860,8,0.0697522163,114.6916961191
I2C_232543,2026-04-01T23:25:43,4,Conv2D,0.0212876330,8,0.0697522163,114.6916961191
I2C_232543,2026-04-01T23:25:43,5,BatchNorm2D,0.0003287010,8,0.0697522163,114.6916961191
I2C_232543,2026-04-01T23:25:43,6,ReLU,0.0001975870,8,0.0697522163,114.6916961191
I2C_232543,2026-04-01T23:25:43,7,MaxPool2D,0.0029926310,8,0.0697522163,114.6916961191
I2C_232543,2026-04-01T23:25:43,8,Conv2D,0.0227006130,8,0.0697522163,114.6916961191
I2C_232543,2026-04-01T23:25:43,9,BatchNorm2D,0.0001830320,8,0.0697522163,114.6916961191
I2C_232543,2026-04-01T23:25:43,10,ReLU,0.0001037620,8,0.0697522163,114.6916961191
I2C_232543,2026-04-01T23:25:43,11,MaxPool2D,0.0014887180,8,0.0697522163,114.6916961191
I2C_232543,2026-04-01T23:25:43,12,Flatten,0.0000038480,8,0.0697522163,114.6916961191
I2C_232543,2026-04-01T23:25:43,13,Dense,0.0024338000,8,0.0697522163,114.6916961191
I2C_232543,2026-04-01T23:25:43,14,ReLU,0.0000191760,8,0.0697522163,114.6916961191
I2C_232543,2026-04-01T23:25:43,15,Dropout,0.0000012160,8,0.0697522163,114.6916961191
I2C_232543,2026-04-01T23:25:43,16,Dense,0.0001379400,8,0.0697522163,114.6916961191
I2C_232543,2026-04-01T23:25:43,17,Softmax,0.0002262130,8,0.0697522163,114.6916961191
ALG2_233602,2026-04-01T23:36:02,0,Conv2D,0.0064638010,8,0.0751750469,106.4182907452
ALG2_233602,2026-04-01T23:36:02,1,BatchNorm2D,0.0010742440,8,0.0751750469,106.4182907452
ALG2_233602,2026-04-01T23:36:02,2,ReLU,0.0003945890,8,0.0751750469,106.4182907452
ALG2_233602,2026-04-01T23:36:02,3,MaxPool2D,0.0062650890,8,0.0751750469,106.4182907452
ALG2_233602,2026-04-01T23:36:02,4,Conv2D,0.0289422580,8,0.0751750469,106.4182907452
ALG2_233602,2026-04-01T23:36:02,5,BatchNorm2D,0.0002667990,8,0.0751750469,106.4182907452
ALG2_233602,2026-04-01T23:36:02,6,ReLU,0.0001900830,8,0.0751750469,106.4182907452
ALG2_233602,2026-04-01T23:36:02,7,MaxPool2D,0.0026886290,8,0.0751750469,106.4182907452
ALG2_233602,2026-04-01T23:36:02,8,Conv2D,0.0245218870,8,0.0751750469,106.4182907452
ALG2_233602,2026-04-01T23:36:02,9,BatchNorm2D,0.0001544030,8,0.0751750469,106.4182907452
ALG2_233602,2026-04-01T23:36:02,10,ReLU,0.0000962060,8,0.0751750469,106.4182907452
ALG2_233602,2026-04-01T23:36:02,11,MaxPool2D,0.0013606880,8,0.0751750469,106.4182907452
ALG2_233602,2026-04-01T23:36:02,12,Flatten,0.0000036060,8,0.0751750469,106.4182907452
ALG2_233602,2026-04-01T23:36:02,13,Dense,0.0022157670,8,0.0751750469,106.4182907452
ALG2_233602,2026-04-01T23:36:02,14,ReLU,0.0000111250,8,0.0751750469,106.4182907452
ALG2_233602,2026-04-01T23:36:02,15,Dropout,0.0000008190,8,0.0751750469,106.4182907452
ALG2_233602,2026-04-01T23:36:02,16,Dense,0.0001204820,8,0.0751750469,106.4182907452
ALG2_233602,2026-04-01T23:36:02,17,Softmax,0.0001197580,8,0.0751750469,106.4182907452
I2C_234312,2026-04-01T23:43:12,0,Conv2D,0.0106022000,8,0.0520005226,153.8446076678
I2C_234312,2026-04-01T23:43:12,1,BatchNorm2D,0.0024915000,8,0.0520005226,153.8446076678
I2C_234312,2026-04-01T23:43:12,2,ReLU,0.0011554000,8,0.0520005226,153.8446076678
I2C_234312,2026-04-01T23:43:12,3,MaxPool2D,0.0144285000,8,0.0520005226,153.8446076678
I2C_234312,2026-04-01T23:43:12,4,Conv2D,0.0047011000,8,0.0520005226,153.8446076678
I2C_234312,2026-04-01T23:43:12,5,BatchNorm2D,0.0005612000,8,0.0520005226,153.8446076678
I2C_234312,2026-04-01T23:43:12,6,ReLU,0.0002385000,8,0.0520005226,153.8446076678
I2C_234312,2026-04-01T23:43:12,7,MaxPool2D,0.0050404000,8,0.0520005226,153.8446076678
I2C_234312,2026-04-01T23:43:12,8,Conv2D,0.0047780000,8,0.0520005226,153.8446076678
I2C_234312,2026-04-01T23:43:12,9,BatchNorm2D,0.0002624000,8,0.0520005226,153.8446076678
I2C_234312,2026-04-01T23:43:12,10,ReLU,0.0001110000,8,0.0520005226,153.8446076678
I2C_234312,2026-04-01T23:43:12,11,MaxPool2D,0.0038271000,8,0.0520005226,153.8446076678
I2C_234312,2026-04-01T23:43:12,12,Flatten,0.0000139000,8,0.0520005226,153.8446076678
I2C_234312,2026-04-01T23:43:12,13,Dense,0.0009422000,8,0.0520005226,153.8446076678
I2C_234312,2026-04-01T23:43:12,14,ReLU,0.0000411000,8,0.0520005226,153.8446076678
I2C_234312,2026-04-01T23:43:12,15,Dropout,0.0000051000,8,0.0520005226,153.8446076678
I2C_234312,2026-04-01T23:43:12,16,Dense,0.0001619000,8,0.0520005226,153.8446076678
I2C_234312,2026-04-01T23:43:12,17,Softmax,0.0003176000,8,0.0520005226,153.8446076678
ALG2_234321,2026-04-01T23:43:21,0,Conv2D,0.0174328000,8,0.0550048351,145.4417594611
ALG2_234321,2026-04-01T23:43:21,1,BatchNorm2D,0.0024797000,8,0.0550048351,145.4417594611
ALG2_234321,2026-04-01T23:43:21,2,ReLU,0.0009832000,8,0.0550048351,145.4417594611
ALG2_234321,2026-04-01T23:43:21,3,MaxPool2D,0.0082592000,8,0.0550048351,145.4417594611
ALG2_234321,2026-04-01T23:43:21,4,Conv2D,0.0044078000,8,0.0550048351,145.4417594611
ALG2_234321,2026-04-01T23:43:21,5,BatchNorm2D,0.0012169000,8,0.0550048351,145.4417594611
ALG2_234321,2026-04-01T23:43:21,6,ReLU,0.0002532000,8,0.0550048351,145.4417594611
ALG2_234321,2026-04-01T23:43:21,7,MaxPool2D,0.0072505000,8,0.0550048351,145.4417594611
ALG2_234321,2026-04-01T23:43:21,8,Conv2D,0.0053595000,8,0.0550048351,145.4417594611
ALG2_234321,2026-04-01T23:43:21,9,BatchNorm2D,0.0002645000,8,0.0550048351,145.4417594611
ALG2_234321,2026-04-01T23:43:21,10,ReLU,0.0001301000,8,0.0550048351,145.4417594611
ALG2_234321,2026-04-01T23:43:21,11,MaxPool2D,0.0033802000,8,0.0550048351,145.4417594611
ALG2_234321,2026-04-01T23:43:21,12,Flatten,0.0000119000,8,0.0550048351,145.4417594611
ALG2_234321,2026-04-01T23:43:21,13,Dense,0.0010238000,8,0.0550048351,145.4417594611
ALG2_234321,2026-04-01T23:43:21,14,ReLU,0.0000356000,8,0.0550048351,145.4417594611
ALG2_234321,2026-04-01T23:43:21,15,Dropout,0.0000048000,8,0.0550048351,145.4417594611
ALG2_234321,2026-04-01T23:43:21,16,Dense,0.0001332000,8,0.0550048351,145.4417594611
ALG2_234321,2026-04-01T23:43:21,17,Softmax,0.0003827000,8,0.0550048351,145.4417594611
ALG2_235730,2026-04-01T23:57:30,0,Conv2D,0.0759093000,8,0.1340000629,59.7014644943
ALG2_235730,2026-04-01T23:57:30,1,BatchNorm2D,0.0027083000,8,0.1340000629,59.7014644943
ALG2_235730,2026-04-01T23:57:30,2,ReLU,0.0012407000,8,0.1340000629,59.7014644943
ALG2_235730,2026-04-01T23:57:30,3,MaxPool2D,0.0154977000,8,0.1340000629,59.7014644943
ALG2_235730,2026-04-01T23:57:30,4,Conv2D,0.0077044000,8,0.1340000629,59.7014644943
ALG2_235730,2026-04-01T23:57:30,5,BatchNorm2D,0.0004167000,8,0.1340000629,59.7014644943
ALG2_235730,2026-04-01T23:57:30,6,ReLU,0.0002797000,8,0.1340000629,59.7014644943
ALG2_235730,2026-04-01T23:57:30,7,MaxPool2D,0.0061083000,8,0.1340000629,59.7014644943
ALG2_235730,2026-04-01T23:57:30,8,Conv2D,0.0083656000,8,0.1340000629,59.7014644943
ALG2_235730,2026-04-01T23:57:30,9,BatchNorm2D,0.0002485000,8,0.1340000629,59.7014644943
ALG2_235730,2026-04-01T23:57:30,10,ReLU,0.0001418000,8,0.1340000629,59.7014644943
ALG2_235730,2026-04-01T23:57:30,11,MaxPool2D,0.0032493000,8,0.1340000629,59.7014644943
ALG2_235730,2026-04-01T23:57:30,12,Flatten,0.0000120000,8,0.1340000629,59.7014644943
ALG2_235730,2026-04-01T23:57:30,13,Dense,0.0073920000,8,0.1340000629,59.7014644943
ALG2_235730,2026-04-01T23:57:30,14,ReLU,0.0000410000,8,0.1340000629,59.7014644943
ALG2_235730,2026-04-01T23:57:30,15,Dropout,0.0000061000,8,0.1340000629,59.7014644943
ALG2_235730,2026-04-01T23:57:30,16,Dense,0.0016087000,8,0.1340000629,59.7014644943
ALG2_235730,2026-04-01T23:57:30,17,Softmax,0.0003625000,8,0.1340000629,59.7014644943
ALG2_235736,2026-04-01T23:57:36,0,Conv2D,0.0386959000,8,0.0851528645,93.9486892319
ALG2_235736,2026-04-01T23:57:36,1,BatchNorm2D,0.0025394000,8,0.0851528645,93.9486892319
ALG2_235736,2026-04-01T23:57:36,2,ReLU,0.0010959000,8,0.0851528645,93.9486892319
ALG2_235736,2026-04-01T23:57:36,3,MaxPool2D,0.0146630000,8,0.0851528645,93.9486892319
ALG2_235736,2026-04-01T23:57:36,4,Conv2D,0.0068617000,8,0.0851528645,93.9486892319
ALG2_235736,2026-04-01T23:57:36,5,BatchNorm2D,0.0004394000,8,0.0851528645,93.9486892319
ALG2_235736,2026-04-01T23:57:36,6,ReLU,0.0002426000,8,0.0851528645,93.9486892319
ALG2_235736,2026-04-01T23:57:36,7,MaxPool2D,0.0072610000,8,0.0851528645,93.9486892319
ALG2_235736,2026-04-01T23:57:36,8,Conv2D,0.0060772000,8,0.0851528645,93.9486892319
ALG2_235736,2026-04-01T23:57:36,9,BatchNorm2D,0.0002877000,8,0.0851528645,93.9486892319
ALG2_235736,2026-04-01T23:57:36,10,ReLU,0.0001108000,8,0.0851528645,93.9486892319
ALG2_235736,2026-04-01T23:57:36,11,MaxPool2D,0.0030031000,8,0.0851528645,93.9486892319
ALG2_235736,2026-04-01T23:57:36,12,Flatten,0.0000130000,8,0.0851528645,93.9486892319
ALG2_235736,2026-04-01T23:57:36,13,Dense,0.0007829000,8,0.0851528645,93.9486892319
ALG2_235736,2026-04-01T23:57:36,14,ReLU,0.0000358000,8,0.0851528645,93.9486892319
ALG2_235736,2026-04-01T23:57:36,15,Dropout,0.0000043000,8,0.0851528645,93.9486892319
ALG2_235736,2026-04-01T23:57:36,16,Dense,0.0001364000,8,0.0851528645,93.9486892319
ALG2_235736,2026-04-01T23:57:36,17,Softmax,0.0003665000,8,0.0851528645,93.9486892319
ALG2_235742,2026-04-01T23:57:42,0,Conv2D,0.0599362000,8,0.1100096703,72.7208797306
ALG2_235742,2026-04-01T23:57:42,1,BatchNorm2D,0.0026733000,8,0.1100096703,72.7208797306
ALG2_235742,2026-04-01T23:57:42,2,ReLU,0.0014474000,8,0.1100096703,72.7208797306
ALG2_235742,2026-04-01T23:57:42,3,MaxPool2D,0.0165894000,8,0.1100096703,72.7208797306
ALG2_235742,2026-04-01T23:57:42,4,Conv2D,0.0077708000,8,0.1100096703,72.7208797306
ALG2_235742,2026-04-01T23:57:42,5,BatchNorm2D,0.0004676000,8,0.1100096703,72.7208797306
ALG2_235742,2026-04-01T23:57:42,6,ReLU,0.0002319000,8,0.1100096703,72.7208797306
ALG2_235742,2026-04-01T23:57:42,7,MaxPool2D,0.0069978000,8,0.1100096703,72.7208797306
ALG2_235742,2026-04-01T23:57:42,8,Conv2D,0.0058867000,8,0.1100096703,72.7208797306
ALG2_235742,2026-04-01T23:57:42,9,BatchNorm2D,0.0002445000,8,0.1100096703,72.7208797306
ALG2_235742,2026-04-01T23:57:42,10,ReLU,0.0001647000,8,0.1100096703,72.7208797306
ALG2_235742,2026-04-01T23:57:42,11,MaxPool2D,0.0036955000,8,0.1100096703,72.7208797306
ALG2_235742,2026-04-01T23:57:42,12,Flatten,0.0000122000,8,0.1100096703,72.7208797306
ALG2_235742,2026-04-01T23:57:42,13,Dense,0.0008162000,8,0.1100096703,72.7208797306
ALG2_235742,2026-04-01T23:57:42,14,ReLU,0.0000338000,8,0.1100096703,72.7208797306
ALG2_235742,2026-04-01T23:57:42,15,Dropout,0.0000044000,8,0.1100096703,72.7208797306
ALG2_235742,2026-04-01T23:57:42,16,Dense,0.0001390000,8,0.1100096703,72.7208797306
ALG2_235742,2026-04-01T23:57:42,17,Softmax,0.0003100000,8,0.1100096703,72.7208797306
I2C_235749,2026-04-01T23:57:49,0,Conv2D,0.0172944000,8,0.0540149212,148.1072234115
I2C_235749,2026-04-01T23:57:49,1,BatchNorm2D,0.0027635000,8,0.0540149212,148.1072234115
I2C_235749,2026-04-01T23:57:49,2,ReLU,0.0012201000,8,0.0540149212,148.1072234115
I2C_235749,2026-04-01T23:57:49,3,MaxPool2D,0.0142865000,8,0.0540149212,148.1072234115
I2C_235749,2026-04-01T23:57:49,4,Conv2D,0.0031293000,8,0.0540149212,148.1072234115
I2C_235749,2026-04-01T23:57:49,5,BatchNorm2D,0.0003845000,8,0.0540149212,148.1072234115
I2C_235749,2026-04-01T23:57:49,6,ReLU,0.0001560000,8,0.0540149212,148.1072234115
I2C_235749,2026-04-01T23:57:49,7,MaxPool2D,0.0064642000,8,0.0540149212,148.1072234115
I2C_235749,2026-04-01T23:57:49,8,Conv2D,0.0030588000,8,0.0540149212,148.1072234115
I2C_235749,2026-04-01T23:57:49,9,BatchNorm2D,0.0002533000,8,0.0540149212,148.1072234115
I2C_235749,2026-04-01T23:57:49,10,ReLU,0.0001357000,8,0.0540149212,148.1072234115
I2C_235749,2026-04-01T23:57:49,11,MaxPool2D,0.0018637000,8,0.0540149212,148.1072234115
I2C_235749,2026-04-01T23:57:49,12,Flatten,0.0000137000,8,0.0540149212,148.1072234115
I2C_235749,2026-04-01T23:57:49,13,Dense,0.0008580000,8,0.0540149212,148.1072234115
I2C_235749,2026-04-01T23:57:49,14,ReLU,0.0000373000,8,0.0540149212,148.1072234115
I2C_235749,2026-04-01T23:57:49,15,Dropout,0.0000040000,8,0.0540149212,148.1072234115
I2C_235749,2026-04-01T23:57:49,16,Dense,0.0001402000,8,0.0540149212,148.1072234115
I2C_235749,2026-04-01T23:57:49,17,Softmax,0.0003377000,8,0.0540149212,148.1072234115
I2C_235943,2026-04-01T23:59:43,0,Conv2D,0.0567883000,8,0.0966649055,82.7601284524
I2C_235943,2026-04-01T23:59:43,1,BatchNorm2D,0.0016750000,8,0.0966649055,82.7601284524
I2C_235943,2026-04-01T23:59:43,2,ReLU,0.0006981000,8,0.0966649055,82.7601284524
I2C_235943,2026-04-01T23:59:43,3,MaxPool2D,0.0100447000,8,0.0966649055,82.7601284524
I2C_235943,2026-04-01T23:59:43,4,Conv2D,0.0041454000,8,0.0966649055,82.7601284524
I2C_235943,2026-04-01T23:59:43,5,BatchNorm2D,0.0003959000,8,0.0966649055,82.7601284524
I2C_235943,2026-04-01T23:59:43,6,ReLU,0.0001162000,8,0.0966649055,82.7601284524
I2C_235943,2026-04-01T23:59:43,7,MaxPool2D,0.0039495000,8,0.0966649055,82.7601284524
I2C_235943,2026-04-01T23:59:43,8,Conv2D,0.0047729000,8,0.0966649055,82.7601284524
I2C_235943,2026-04-01T23:59:43,9,BatchNorm2D,0.0001580000,8,0.0966649055,82.7601284524
I2C_235943,2026-04-01T23:59:43,10,ReLU,0.0000605000,8,0.0966649055,82.7601284524
I2C_235943,2026-04-01T23:59:43,11,MaxPool2D,0.0019435000,8,0.0966649055,82.7601284524
I2C_235943,2026-04-01T23:59:43,12,Flatten,0.0000051000,8,0.0966649055,82.7601284524
I2C_235943,2026-04-01T23:59:43,13,Dense,0.0091782000,8,0.0966649055,82.7601284524
I2C_235943,2026-04-01T23:59:43,14,ReLU,0.0001114000,8,0.0966649055,82.7601284524
I2C_235943,2026-04-01T23:59:43,15,Dropout,0.0000498000,8,0.0966649055,82.7601284524
I2C_235943,2026-04-01T23:59:43,16,Dense,0.0015255000,8,0.0966649055,82.7601284524
I2C_235943,2026-04-01T23:59:43,17,Softmax,0.0002237000,8,0.0966649055,82.7601284524
I2C_235949,2026-04-01T23:59:49,0,Conv2D,0.0161485000,8,0.0580568314,137.7960149153
I2C_235949,2026-04-01T23:59:49,1,BatchNorm2D,0.0031220000,8,0.0580568314,137.7960149153
I2C_235949,2026-04-01T23:59:49,2,ReLU,0.0014050000,8,0.0580568314,137.7960149153
I2C_235949,2026-04-01T23:59:49,3,MaxPool2D,0.0150445000,8,0.0580568314,137.7960149153
I2C_235949,2026-04-01T23:59:49,4,Conv2D,0.0060607000,8,0.0580568314,137.7960149153
I2C_235949,2026-04-01T23:59:49,5,BatchNorm2D,0.0004725000,8,0.0580568314,137.7960149153
I2C_235949,2026-04-01T23:59:49,6,ReLU,0.0002050000,8,0.0580568314,137.7960149153
I2C_235949,2026-04-01T23:59:49,7,MaxPool2D,0.0069946000,8,0.0580568314,137.7960149153
I2C_235949,2026-04-01T23:59:49,8,Conv2D,0.0031442000,8,0.0580568314,137.7960149153
I2C_235949,2026-04-01T23:59:49,9,BatchNorm2D,0.0002078000,8,0.0580568314,137.7960149153
I2C_235949,2026-04-01T23:59:49,10,ReLU,0.0001156000,8,0.0580568314,137.7960149153
I2C_235949,2026-04-01T23:59:49,11,MaxPool2D,0.0032583000,8,0.0580568314,137.7960149153
I2C_235949,2026-04-01T23:59:49,12,Flatten,0.0000070000,8,0.0580568314,137.7960149153
I2C_235949,2026-04-01T23:59:49,13,Dense,0.0008038000,8,0.0580568314,137.7960149153
I2C_235949,2026-04-01T23:59:49,14,ReLU,0.0000317000,8,0.0580568314,137.7960149153
I2C_235949,2026-04-01T23:59:49,15,Dropout,0.0000031000,8,0.0580568314,137.7960149153
I2C_235949,2026-04-01T23:59:49,16,Dense,0.0001343000,8,0.0580568314,137.7960149153
I2C_235949,2026-04-01T23:59:49,17,Softmax,0.0003608000,8,0.0580568314,137.7960149153
I2C_235953,2026-04-01T23:59:53,0,Conv2D,0.0105328000,8,0.0353240967,226.4742980562
I2C_235953,2026-04-01T23:59:53,1,BatchNorm2D,0.0018769000,8,0.0353240967,226.4742980562
I2C_235953,2026-04-01T23:59:53,2,ReLU,0.0006607000,8,0.0353240967,226.4742980562
I2C_235953,2026-04-01T23:59:53,3,MaxPool2D,0.0079680000,8,0.0353240967,226.4742980562
I2C_235953,2026-04-01T23:59:53,4,Conv2D,0.0031273000,8,0.0353240967,226.4742980562
I2C_235953,2026-04-01T23:59:53,5,BatchNorm2D,0.0002982000,8,0.0353240967,226.4742980562
I2C_235953,2026-04-01T23:59:53,6,ReLU,0.0001010000,8,0.0353240967,226.4742980562
I2C_235953,2026-04-01T23:59:53,7,MaxPool2D,0.0044333000,8,0.0353240967,226.4742980562
I2C_235953,2026-04-01T23:59:53,8,Conv2D,0.0029806000,8,0.0353240967,226.4742980562
I2C_235953,2026-04-01T23:59:53,9,BatchNorm2D,0.0001750000,8,0.0353240967,226.4742980562
I2C_235953,2026-04-01T23:59:53,10,ReLU,0.0000543000,8,0.0353240967,226.4742980562
I2C_235953,2026-04-01T23:59:53,11,MaxPool2D,0.0018412000,8,0.0353240967,226.4742980562
I2C_235953,2026-04-01T23:59:53,12,Flatten,0.0000043000,8,0.0353240967,226.4742980562
I2C_235953,2026-04-01T23:59:53,13,Dense,0.0006483000,8,0.0353240967,226.4742980562
I2C_235953,2026-04-01T23:59:53,14,ReLU,0.0000186000,8,0.0353240967,226.4742980562
I2C_235953,2026-04-01T23:59:53,15,Dropout,0.0000014000,8,0.0353240967,226.4742980562
I2C_235953,2026-04-01T23:59:53,16,Dense,0.0000988000,8,0.0353240967,226.4742980562
I2C_235953,2026-04-01T23:59:53,17,Softmax,0.0001899000,8,0.0353240967,226.4742980562
I2C_235958,2026-04-01T23:59:58,0,Conv2D,0.0101743000,8,0.0473916531,168.8060973462
I2C_235958,2026-04-01T23:59:58,1,BatchNorm2D,0.0026284000,8,0.0473916531,168.8060973462
I2C_235958,2026-04-01T23:59:58,2,ReLU,0.0011357000,8,0.0473916531,168.8060973462
I2C_235958,2026-04-01T23:59:58,3,MaxPool2D,0.0134935000,8,0.0473916531,168.8060973462
I2C_235958,2026-04-01T23:59:58,4,Conv2D,0.0048930000,8,0.0473916531,168.8060973462
I2C_235958,2026-04-01T23:59:58,5,BatchNorm2D,0.0003292000,8,0.0473916531,168.8060973462
I2C_235958,2026-04-01T23:59:58,6,ReLU,0.0001119000,8,0.0473916531,168.8060973462
I2C_235958,2026-04-01T23:59:58,7,MaxPool2D,0.0071325000,8,0.0473916531,168.8060973462
I2C_235958,2026-04-01T23:59:58,8,Conv2D,0.0023893000,8,0.0473916531,168.8060973462
I2C_235958,2026-04-01T23:59:58,9,BatchNorm2D,0.0001527000,8,0.0473916531,168.8060973462
I2C_235958,2026-04-01T23:59:58,10,ReLU,0.0000718000,8,0.0473916531,168.8060973462
I2C_235958,2026-04-01T23:59:58,11,MaxPool2D,0.0034070000,8,0.0473916531,168.8060973462
I2C_235958,2026-04-01T23:59:58,12,Flatten,0.0000084000,8,0.0473916531,168.8060973462
I2C_235958,2026-04-01T23:59:58,13,Dense,0.0006991000,8,0.0473916531,168.8060973462
I2C_235958,2026-04-01T23:59:58,14,ReLU,0.0000196000,8,0.0473916531,168.8060973462
I2C_235958,2026-04-01T23:59:58,15,Dropout,0.0000011000,8,0.0473916531,168.8060973462
I2C_235958,2026-04-01T23:59:58,16,Dense,0.0001035000,8,0.0473916531,168.8060973462
I2C_235958,2026-04-01T23:59:58,17,Softmax,0.0001956000,8,0.0473916531,168.8060973462
I2C_000003,2026-04-02T00:00:03,0,Conv2D,0.0139177000,8,0.0488190651,163.8704056417
I2C_000003,2026-04-02T00:00:03,1,BatchNorm2D,0.0025681000,8,0.0488190651,163.8704056417
I2C_000003,2026-04-02T00:00:03,2,ReLU,0.0011551000,8,0.0488190651,163.8704056417
I2C_000003,2026-04-02T00:00:03,3,MaxPool2D,0.0143555000,8,0.0488190651,163.8704056417
I2C_000003,2026-04-02T00:00:03,4,Conv2D,0.0048545000,8,0.0488190651,163.8704056417
I2C_000003,2026-04-02T00:00:03,5,BatchNorm2D,0.0004491000,8,0.0488190651,163.8704056417
I2C_000003,2026-04-02T00:00:03,6,ReLU,0.0002048000,8,0.0488190651,163.8704056417
I2C_000003,2026-04-02T00:00:03,7,MaxPool2D,0.0052141000,8,0.0488190651,163.8704056417
I2C_000003,2026-04-02T00:00:03,8,Conv2D,0.0025561000,8,0.0488190651,163.8704056417
I2C_000003,2026-04-02T00:00:03,9,BatchNorm2D,0.0001705000,8,0.0488190651,163.8704056417
I2C_000003,2026-04-02T00:00:03,10,ReLU,0.0000592000,8,0.0488190651,163.8704056417
I2C_000003,2026-04-02T00:00:03,11,MaxPool2D,0.0019008000,8,0.0488190651,163.8704056417
I2C_000003,2026-04-02T00:00:03,12,Flatten,0.0000049000,8,0.0488190651,163.8704056417
I2C_000003,2026-04-02T00:00:03,13,Dense,0.0006034000,8,0.0488190651,163.8704056417
I2C_000003,2026-04-02T00:00:03,14,ReLU,0.0000189000,8,0.0488190651,163.8704056417
I2C_000003,2026-04-02T00:00:03,15,Dropout,0.0000014000,8,0.0488190651,163.8704056417
I2C_000003,2026-04-02T00:00:03,16,Dense,0.0001009000,8,0.0488190651,163.8704056417
I2C_000003,2026-04-02T00:00:03,17,Softmax,0.0002254000,8,0.0488190651,163.8704056417
ALG2_000008,2026-04-02T00:00:08,0,Conv2D,0.0138964000,8,0.0473995209,168.7780773410
ALG2_000008,2026-04-02T00:00:08,1,BatchNorm2D,0.0016970000,8,0.0473995209,168.7780773410
ALG2_000008,2026-04-02T00:00:08,2,ReLU,0.0006570000,8,0.0473995209,168.7780773410
ALG2_000008,2026-04-02T00:00:08,3,MaxPool2D,0.0086508000,8,0.0473995209,168.7780773410
ALG2_000008,2026-04-02T00:00:08,4,Conv2D,0.0065259000,8,0.0473995209,168.7780773410
ALG2_000008,2026-04-02T00:00:08,5,BatchNorm2D,0.0004055000,8,0.0473995209,168.7780773410
ALG2_000008,2026-04-02T00:00:08,6,ReLU,0.0001989000,8,0.0473995209,168.7780773410
ALG2_000008,2026-04-02T00:00:08,7,MaxPool2D,0.0074953000,8,0.0473995209,168.7780773410
ALG2_000008,2026-04-02T00:00:08,8,Conv2D,0.0042618000,8,0.0473995209,168.7780773410
ALG2_000008,2026-04-02T00:00:08,9,BatchNorm2D,0.0001509000,8,0.0473995209,168.7780773410
ALG2_000008,2026-04-02T00:00:08,10,ReLU,0.0000588000,8,0.0473995209,168.7780773410
ALG2_000008,2026-04-02T00:00:08,11,MaxPool2D,0.0018967000,8,0.0473995209,168.7780773410
ALG2_000008,2026-04-02T00:00:08,12,Flatten,0.0000045000,8,0.0473995209,168.7780773410
ALG2_000008,2026-04-02T00:00:08,13,Dense,0.0006847000,8,0.0473995209,168.7780773410
ALG2_000008,2026-04-02T00:00:08,14,ReLU,0.0000255000,8,0.0473995209,168.7780773410
ALG2_000008,2026-04-02T00:00:08,15,Dropout,0.0000022000,8,0.0473995209,168.7780773410
ALG2_000008,2026-04-02T00:00:08,16,Dense,0.0001089000,8,0.0473995209,168.7780773410
ALG2_000008,2026-04-02T00:00:08,17,Softmax,0.0003243000,8,0.0473995209,168.7780773410
ALG2_000013,2026-04-02T00:00:13,0,Conv2D,0.0138068000,8,0.0550227165,145.3944935047
ALG2_000013,2026-04-02T00:00:13,1,BatchNorm2D,0.0025751000,8,0.0550227165,145.3944935047
ALG2_000013,2026-04-02T00:00:13,2,ReLU,0.0011310000,8,0.0550227165,145.3944935047
ALG2_000013,2026-04-02T00:00:13,3,MaxPool2D,0.0151109000,8,0.0550227165,145.3944935047
ALG2_000013,2026-04-02T00:00:13,4,Conv2D,0.0066851000,8,0.0550227165,145.3944935047
ALG2_000013,2026-04-02T00:00:13,5,BatchNorm2D,0.0003512000,8,0.0550227165,145.3944935047
ALG2_000013,2026-04-02T00:00:13,6,ReLU,0.0001098000,8,0.0550227165,145.3944935047
ALG2_000013,2026-04-02T00:00:13,7,MaxPool2D,0.0059448000,8,0.0550227165,145.3944935047
ALG2_000013,2026-04-02T00:00:13,8,Conv2D,0.0040668000,8,0.0550227165,145.3944935047
ALG2_000013,2026-04-02T00:00:13,9,BatchNorm2D,0.0002544000,8,0.0550227165,145.3944935047
ALG2_000013,2026-04-02T00:00:13,10,ReLU,0.0001019000,8,0.0550227165,145.3944935047
ALG2_000013,2026-04-02T00:00:13,11,MaxPool2D,0.0030113000,8,0.0550227165,145.3944935047
ALG2_000013,2026-04-02T00:00:13,12,Flatten,0.0000085000,8,0.0550227165,145.3944935047
ALG2_000013,2026-04-02T00:00:13,13,Dense,0.0008023000,8,0.0550227165,145.3944935047
ALG2_000013,2026-04-02T00:00:13,14,ReLU,0.0000321000,8,0.0550227165,145.3944935047
ALG2_000013,2026-04-02T00:00:13,15,Dropout,0.0000022000,8,0.0550227165,145.3944935047
ALG2_000013,2026-04-02T00:00:13,16,Dense,0.0001322000,8,0.0550227165,145.3944935047
ALG2_000013,2026-04-02T00:00:13,17,Softmax,0.0003730000,8,0.0550227165,145.3944935047
ALG2_000018,2026-04-02T00:00:18,0,Conv2D,0.0114313000,8,0.0415353775,192.6068927514
ALG2_000018,2026-04-02T00:00:18,1,BatchNorm2D,0.0021441000,8,0.0415353775,192.6068927514
ALG2_000018,2026-04-02T00:00:18,2,ReLU,0.0011442000,8,0.0415353775,192.6068927514
ALG2_000018,2026-04-02T00:00:18,3,MaxPool2D,0.0093217000,8,0.0415353775,192.6068927514
ALG2_000018,2026-04-02T00:00:18,4,Conv2D,0.0055442000,8,0.0415353775,192.6068927514
ALG2_000018,2026-04-02T00:00:18,5,BatchNorm2D,0.0003469000,8,0.0415353775,192.6068927514
ALG2_000018,2026-04-02T00:00:18,6,ReLU,0.0001594000,8,0.0415353775,192.6068927514
ALG2_000018,2026-04-02T00:00:18,7,MaxPool2D,0.0039910000,8,0.0415353775,192.6068927514
ALG2_000018,2026-04-02T00:00:18,8,Conv2D,0.0034377000,8,0.0415353775,192.6068927514
ALG2_000018,2026-04-02T00:00:18,9,BatchNorm2D,0.0001617000,8,0.0415353775,192.6068927514
ALG2_000018,2026-04-02T00:00:18,10,ReLU,0.0000545000,8,0.0415353775,192.6068927514
ALG2_000018,2026-04-02T00:00:18,11,MaxPool2D,0.0025565000,8,0.0415353775,192.6068927514
ALG2_000018,2026-04-02T00:00:18,12,Flatten,0.0000070000,8,0.0415353775,192.6068927514
ALG2_000018,2026-04-02T00:00:18,13,Dense,0.0006334000,8,0.0415353775,192.6068927514
ALG2_000018,2026-04-02T00:00:18,14,ReLU,0.0000157000,8,0.0415353775,192.6068927514
ALG2_000018,2026-04-02T00:00:18,15,Dropout,0.0000010000,8,0.0415353775,192.6068927514
ALG2_000018,2026-04-02T00:00:18,16,Dense,0.0000789000,8,0.0415353775,192.6068927514
ALG2_000018,2026-04-02T00:00:18,17,Softmax,0.0001803000,8,0.0415353775,192.6068927514
ALG2_000023,2026-04-02T00:00:23,0,Conv2D,0.0133119000,8,0.0496666431,161.0739017939
ALG2_000023,2026-04-02T00:00:23,1,BatchNorm2D,0.0028718000,8,0.0496666431,161.0739017939
ALG2_000023,2026-04-02T00:00:23,2,ReLU,0.0016056000,8,0.0496666431,161.0739017939
ALG2_000023,2026-04-02T00:00:23,3,MaxPool2D,0.0155991000,8,0.0496666431,161.0739017939
ALG2_000023,2026-04-02T00:00:23,4,Conv2D,0.0054476000,8,0.0496666431,161.0739017939
ALG2_000023,2026-04-02T00:00:23,5,BatchNorm2D,0.0002644000,8,0.0496666431,161.0739017939
ALG2_000023,2026-04-02T00:00:23,6,ReLU,0.0000951000,8,0.0496666431,161.0739017939
ALG2_000023,2026-04-02T00:00:23,7,MaxPool2D,0.0039167000,8,0.0496666431,161.0739017939
ALG2_000023,2026-04-02T00:00:23,8,Conv2D,0.0033669000,8,0.0496666431,161.0739017939
ALG2_000023,2026-04-02T00:00:23,9,BatchNorm2D,0.0001514000,8,0.0496666431,161.0739017939
ALG2_000023,2026-04-02T00:00:23,10,ReLU,0.0000544000,8,0.0496666431,161.0739017939
ALG2_000023,2026-04-02T00:00:23,11,MaxPool2D,0.0017070000,8,0.0496666431,161.0739017939
ALG2_000023,2026-04-02T00:00:23,12,Flatten,0.0000040000,8,0.0496666431,161.0739017939
ALG2_000023,2026-04-02T00:00:23,13,Dense,0.0006172000,8,0.0496666431,161.0739017939
ALG2_000023,2026-04-02T00:00:23,14,ReLU,0.0000148000,8,0.0496666431,161.0739017939
ALG2_000023,2026-04-02T00:00:23,15,Dropout,0.0000010000,8,0.0496666431,161.0739017939
ALG2_000023,2026-04-02T00:00:23,16,Dense,0.0000846000,8,0.0496666431,161.0739017939
ALG2_000023,2026-04-02T00:00:23,17,Softmax,0.0001793000,8,0.0496666431,161.0739017939
ALG2_000028,2026-04-02T00:00:28,0,Conv2D,0.0116199000,8,0.0454938412,175.8479784084
ALG2_000028,2026-04-02T00:00:28,1,BatchNorm2D,0.0017053000,8,0.0454938412,175.8479784084
ALG2_000028,2026-04-02T00:00:28,2,ReLU,0.0007930000,8,0.0454938412,175.8479784084
ALG2_000028,2026-04-02T00:00:28,3,MaxPool2D,0.0141616000,8,0.0454938412,175.8479784084
ALG2_000028,2026-04-02T00:00:28,4,Conv2D,0.0059824000,8,0.0454938412,175.8479784084
ALG2_000028,2026-04-02T00:00:28,5,BatchNorm2D,0.0002840000,8,0.0454938412,175.8479784084
ALG2_000028,2026-04-02T00:00:28,6,ReLU,0.0001077000,8,0.0454938412,175.8479784084
ALG2_000028,2026-04-02T00:00:28,7,MaxPool2D,0.0041892000,8,0.0454938412,175.8479784084
ALG2_000028,2026-04-02T00:00:28,8,Conv2D,0.0034725000,8,0.0454938412,175.8479784084
ALG2_000028,2026-04-02T00:00:28,9,BatchNorm2D,0.0001428000,8,0.0454938412,175.8479784084
ALG2_000028,2026-04-02T00:00:28,10,ReLU,0.0000540000,8,0.0454938412,175.8479784084
ALG2_000028,2026-04-02T00:00:28,11,MaxPool2D,0.0017543000,8,0.0454938412,175.8479784084
ALG2_000028,2026-04-02T00:00:28,12,Flatten,0.0000041000,8,0.0454938412,175.8479784084
ALG2_000028,2026-04-02T00:00:28,13,Dense,0.0006110000,8,0.0454938412,175.8479784084
ALG2_000028,2026-04-02T00:00:28,14,ReLU,0.0000158000,8,0.0454938412,175.8479784084
ALG2_000028,2026-04-02T00:00:28,15,Dropout,0.0000010000,8,0.0454938412,175.8479784084
ALG2_000028,2026-04-02T00:00:28,16,Dense,0.0000781000,8,0.0454938412,175.8479784084
ALG2_000028,2026-04-02T00:00:28,17,Softmax,0.0001782000,8,0.0454938412,175.8479784084
ALG2_000039,2026-04-02T00:00:39,0,Conv2D,0.0460466000,8,0.0890004635,89.8871723436
ALG2_000039,2026-04-02T00:00:39,1,BatchNorm2D,0.0026539000,8,0.0890004635,89.8871723436
ALG2_000039,2026-04-02T00:00:39,2,ReLU,0.0009377000,8,0.0890004635,89.8871723436
ALG2_000039,2026-04-02T00:00:39,3,MaxPool2D,0.0124916000,8,0.0890004635,89.8871723436
ALG2_000039,2026-04-02T00:00:39,4,Conv2D,0.0051138000,8,0.0890004635,89.8871723436
ALG2_000039,2026-04-02T00:00:39,5,BatchNorm2D,0.0004904000,8,0.0890004635,89.8871723436
ALG2_000039,2026-04-02T00:00:39,6,ReLU,0.0002605000,8,0.0890004635,89.8871723436
ALG2_000039,2026-04-02T00:00:39,7,MaxPool2D,0.0077151000,8,0.0890004635,89.8871723436
ALG2_000039,2026-04-02T00:00:39,8,Conv2D,0.0055937000,8,0.0890004635,89.8871723436
ALG2_000039,2026-04-02T00:00:39,9,BatchNorm2D,0.0002900000,8,0.0890004635,89.8871723436
ALG2_000039,2026-04-02T00:00:39,10,ReLU,0.0001566000,8,0.0890004635,89.8871723436
ALG2_000039,2026-04-02T00:00:39,11,MaxPool2D,0.0023751000,8,0.0890004635,89.8871723436
ALG2_000039,2026-04-02T00:00:39,12,Flatten,0.0000107000,8,0.0890004635,89.8871723436
ALG2_000039,2026-04-02T00:00:39,13,Dense,0.0009008000,8,0.0890004635,89.8871723436
ALG2_000039,2026-04-02T00:00:39,14,ReLU,0.0000456000,8,0.0890004635,89.8871723436
ALG2_000039,2026-04-02T00:00:39,15,Dropout,0.0000057000,8,0.0890004635,89.8871723436
ALG2_000039,2026-04-02T00:00:39,16,Dense,0.0001267000,8,0.0890004635,89.8871723436
ALG2_000039,2026-04-02T00:00:39,17,Softmax,0.0004722000,8,0.0890004635,89.8871723436
ALG2_000047,2026-04-02T00:00:47,0,Conv2D,0.0233717000,8,0.0660045147,121.2038303298
ALG2_000047,2026-04-02T00:00:47,1,BatchNorm2D,0.0025849000,8,0.0660045147,121.2038303298
ALG2_000047,2026-04-02T00:00:47,2,ReLU,0.0012192000,8,0.0660045147,121.2038303298
ALG2_000047,2026-04-02T00:00:47,3,MaxPool2D,0.0152782000,8,0.0660045147,121.2038303298
ALG2_000047,2026-04-02T00:00:47,4,Conv2D,0.0056905000,8,0.0660045147,121.2038303298
ALG2_000047,2026-04-02T00:00:47,5,BatchNorm2D,0.0005385000,8,0.0660045147,121.2038303298
ALG2_000047,2026-04-02T00:00:47,6,ReLU,0.0002497000,8,0.0660045147,121.2038303298
ALG2_000047,2026-04-02T00:00:47,7,MaxPool2D,0.0073738000,8,0.0660045147,121.2038303298
ALG2_000047,2026-04-02T00:00:47,8,Conv2D,0.0040314000,8,0.0660045147,121.2038303298
ALG2_000047,2026-04-02T00:00:47,9,BatchNorm2D,0.0002172000,8,0.0660045147,121.2038303298
ALG2_000047,2026-04-02T00:00:47,10,ReLU,0.0001411000,8,0.0660045147,121.2038303298
ALG2_000047,2026-04-02T00:00:47,11,MaxPool2D,0.0019123000,8,0.0660045147,121.2038303298
ALG2_000047,2026-04-02T00:00:47,12,Flatten,0.0000143000,8,0.0660045147,121.2038303298
ALG2_000047,2026-04-02T00:00:47,13,Dense,0.0008205000,8,0.0660045147,121.2038303298
ALG2_000047,2026-04-02T00:00:47,14,ReLU,0.0000404000,8,0.0660045147,121.2038303298
ALG2_000047,2026-04-02T00:00:47,15,Dropout,0.0000065000,8,0.0660045147,121.2038303298
ALG2_000047,2026-04-02T00:00:47,16,Dense,0.0001404000,8,0.0660045147,121.2038303298
ALG2_000047,2026-04-02T00:00:47,17,Softmax,0.0003429000,8,0.0660045147,121.2038303298
ALG2_000054,2026-04-02T00:00:54,0,Conv2D,0.0125803000,8,0.0469658375,170.3365771693
ALG2_000054,2026-04-02T00:00:54,1,BatchNorm2D,0.0028260000,8,0.0469658375,170.3365771693
ALG2_000054,2026-04-02T00:00:54,2,ReLU,0.0007878000,8,0.0469658375,170.3365771693
ALG2_000054,2026-04-02T00:00:54,3,MaxPool2D,0.0084929000,8,0.0469658375,170.3365771693
ALG2_000054,2026-04-02T00:00:54,4,Conv2D,0.0065760000,8,0.0469658375,170.3365771693
ALG2_000054,2026-04-02T00:00:54,5,BatchNorm2D,0.0004114000,8,0.0469658375,170.3365771693
ALG2_000054,2026-04-02T00:00:54,6,ReLU,0.0001898000,8,0.0469658375,170.3365771693
ALG2_000054,2026-04-02T00:00:54,7,MaxPool2D,0.0062177000,8,0.0469658375,170.3365771693
ALG2_000054,2026-04-02T00:00:54,8,Conv2D,0.0039703000,8,0.0469658375,170.3365771693
ALG2_000054,2026-04-02T00:00:54,9,BatchNorm2D,0.0002071000,8,0.0469658375,170.3365771693
ALG2_000054,2026-04-02T00:00:54,10,ReLU,0.0001069000,8,0.0469658375,170.3365771693
ALG2_000054,2026-04-02T00:00:54,11,MaxPool2D,0.0018958000,8,0.0469658375,170.3365771693
ALG2_000054,2026-04-02T00:00:54,12,Flatten,0.0000112000,8,0.0469658375,170.3365771693
ALG2_000054,2026-04-02T00:00:54,13,Dense,0.0008134000,8,0.0469658375,170.3365771693
ALG2_000054,2026-04-02T00:00:54,14,ReLU,0.0000353000,8,0.0469658375,170.3365771693
ALG2_000054,2026-04-02T00:00:54,15,Dropout,0.0000055000,8,0.0469658375,170.3365771693
ALG2_000054,2026-04-02T00:00:54,16,Dense,0.0001809000,8,0.0469658375,170.3365771693
ALG2_000054,2026-04-02T00:00:54,17,Softmax,0.0003378000,8,0.0469658375,170.3365771693
ALG2_000101,2026-04-02T00:01:01,0,Conv2D,0.0548148000,8,0.1009676456,79.2333023998
ALG2_000101,2026-04-02T00:01:01,1,BatchNorm2D,0.0025335000,8,0.1009676456,79.2333023998
ALG2_000101,2026-04-02T00:01:01,2,ReLU,0.0011412000,8,0.1009676456,79.2333023998
ALG2_000101,2026-04-02T00:01:01,3,MaxPool2D,0.0153239000,8,0.1009676456,79.2333023998
ALG2_000101,2026-04-02T00:01:01,4,Conv2D,0.0064987000,8,0.1009676456,79.2333023998
ALG2_000101,2026-04-02T00:01:01,5,BatchNorm2D,0.0003552000,8,0.1009676456,79.2333023998
ALG2_000101,2026-04-02T00:01:01,6,ReLU,0.0002140000,8,0.1009676456,79.2333023998
ALG2_000101,2026-04-02T00:01:01,7,MaxPool2D,0.0077112000,8,0.1009676456,79.2333023998
ALG2_000101,2026-04-02T00:01:01,8,Conv2D,0.0052632000,8,0.1009676456,79.2333023998
ALG2_000101,2026-04-02T00:01:01,9,BatchNorm2D,0.0002018000,8,0.1009676456,79.2333023998
ALG2_000101,2026-04-02T00:01:01,10,ReLU,0.0001147000,8,0.1009676456,79.2333023998
ALG2_000101,2026-04-02T00:01:01,11,MaxPool2D,0.0032781000,8,0.1009676456,79.2333023998
ALG2_000101,2026-04-02T00:01:01,12,Flatten,0.0000109000,8,0.1009676456,79.2333023998
ALG2_000101,2026-04-02T00:01:01,13,Dense,0.0007157000,8,0.1009676456,79.2333023998
ALG2_000101,2026-04-02T00:01:01,14,ReLU,0.0000384000,8,0.1009676456,79.2333023998
ALG2_000101,2026-04-02T00:01:01,15,Dropout,0.0000046000,8,0.1009676456,79.2333023998
ALG2_000101,2026-04-02T00:01:01,16,Dense,0.0001245000,8,0.1009676456,79.2333023998
ALG2_000101,2026-04-02T00:01:01,17,Softmax,0.0003462000,8,0.1009676456,79.2333023998
I2C_000116,2026-04-02T00:01:16,0,Conv2D,0.0126059000,8,0.0529949665,150.9577329188
I2C_000116,2026-04-02T00:01:16,1,BatchNorm2D,0.0030050000,8,0.0529949665,150.9577329188
I2C_000116,2026-04-02T00:01:16,2,ReLU,0.0012742000,8,0.0529949665,150.9577329188
I2C_000116,2026-04-02T00:01:16,3,MaxPool2D,0.0160458000,8,0.0529949665,150.9577329188
I2C_000116,2026-04-02T00:01:16,4,Conv2D,0.0039911000,8,0.0529949665,150.9577329188
I2C_000116,2026-04-02T00:01:16,5,BatchNorm2D,0.0004098000,8,0.0529949665,150.9577329188
I2C_000116,2026-04-02T00:01:16,6,ReLU,0.0001880000,8,0.0529949665,150.9577329188
I2C_000116,2026-04-02T00:01:16,7,MaxPool2D,0.0048687000,8,0.0529949665,150.9577329188
I2C_000116,2026-04-02T00:01:16,8,Conv2D,0.0027371000,8,0.0529949665,150.9577329188
I2C_000116,2026-04-02T00:01:16,9,BatchNorm2D,0.0002397000,8,0.0529949665,150.9577329188
I2C_000116,2026-04-02T00:01:16,10,ReLU,0.0000787000,8,0.0529949665,150.9577329188
I2C_000116,2026-04-02T00:01:16,11,MaxPool2D,0.0037255000,8,0.0529949665,150.9577329188
I2C_000116,2026-04-02T00:01:16,12,Flatten,0.0000135000,8,0.0529949665,150.9577329188
I2C_000116,2026-04-02T00:01:16,13,Dense,0.0008847000,8,0.0529949665,150.9577329188
I2C_000116,2026-04-02T00:01:16,14,ReLU,0.0000398000,8,0.0529949665,150.9577329188
I2C_000116,2026-04-02T00:01:16,15,Dropout,0.0000056000,8,0.0529949665,150.9577329188
I2C_000116,2026-04-02T00:01:16,16,Dense,0.0001681000,8,0.0529949665,150.9577329188
I2C_000116,2026-04-02T00:01:16,17,Softmax,0.0004100000,8,0.0529949665,150.9577329188
